Link Text,Href,Price
Shop Class 4B- Salon in Fgura,https://maltapark.com/item/details/9731033, 
ROOM IN PAOLA,https://maltapark.com/item/details/9763838,€ 600
8 car street level garage Bugibba,https://maltapark.com/item/details/9737823,"€ 1,200"
Large Semi Basement Highly Finished,https://maltapark.com/item/details/9362706,€ 380
SANTA VENERA - 3 BEDROOM APARTMENT,https://maltapark.com/item/details/9790371,"€ 1,200"
COMMERCIAL PROPERTY MOSTA.,https://maltapark.com/item/details/9790339,"€ 1,100"
Mechanic Work Shop,https://maltapark.com/item/details/9790328,€ 900
ST. PAUL'S BAY TWO DOUBLE BEDROOM APARTMENT WITH ROOF,https://maltapark.com/item/details/9790308,€ 900
Xemxija Apartment,https://maltapark.com/item/details/9790291,"€ 1,300"
Shopt to rent in Birzebbugia,https://maltapark.com/item/details/9790255,€ 490
Sea front apartment in Birzebbugia,https://maltapark.com/item/details/9790251,€ 780
GROCER + GREEN GROCER HAMRUN,https://maltapark.com/item/details/9790181,€ 210
Studio apartments Marsaskala,https://maltapark.com/item/details/9790119, 
Studio apartments Marsaskala,https://maltapark.com/item/details/9790112, 
Birkirkara brand new modern 2 bedroom corner apartment,https://maltapark.com/item/details/9790086,"€ 1,250"
ATTARD BEAUTIFUL FIRST FLOOR MAISONETTE WITH FULL ROOF,https://maltapark.com/item/details/9790058,"€ 1,400"
3 car garage in qawra to let,https://maltapark.com/item/details/9790042,€ 170
Cospicua Town House - Long Let - From Mid-August,https://maltapark.com/item/details/9790030,"€ 1,000"
MSIDA HIGHLY FURNISHED MODERN 1 BEDROOM APARTMENT 3 MINS WALK TO PIETA’ MARINA,https://maltapark.com/item/details/9790016,€ 925
M Scala 3 Bedroomed Apartment For Rent,https://maltapark.com/item/details/9789916,"€ 1,200"
M Xlokk Groundfloor Maisonette For Rent,https://maltapark.com/item/details/9789915,"€ 1,300"
LONG LET: Zebbug 2-bedroom terraced house,https://maltapark.com/item/details/9789880,€ 650
XEMXIJA HIGHLY FINISHED TWO DOUBLE BEDROOM APARTMENT WITH SEA VIEWS,https://maltapark.com/item/details/9789814,"€ 1,200"
NAXXAR THREE DOUBLE BEDROOM APARTMENT,https://maltapark.com/item/details/9789705,"€ 1,500"
studio or 1 bedroom,https://maltapark.com/item/details/9789699,€ 750
ZEBBUG THREE BEDROOM MAISONETTE,https://maltapark.com/item/details/9789696,"€ 1,350"
MARSASKALA TWO DOUBLE BEDROOM APARTMENT,https://maltapark.com/item/details/9789684,€ 950
Apartment for rent in Kalkara,https://maltapark.com/item/details/9789638,"€ 1,200"
M Scala Fully Airconditioned & Seafront Apartment For Rent,https://maltapark.com/item/details/9789609,"€ 1,400"
1 car garage Zurrieq,https://maltapark.com/item/details/9789528,€ 150
m scala 1 double bedroom studio flat,https://maltapark.com/item/details/9789508,€ 600
1 CAR GARAGE TO LET,https://maltapark.com/item/details/9789462,€ 120
Garage for rent in Naxxar -2.5 cars,https://maltapark.com/item/details/9789371,€ 183
Sliema Modern Maisonette,https://maltapark.com/item/details/9789370,"€ 1,300"
MSIDA 1 BEDROOM FULLY AIR -CONDITIONED APARTMENT,https://maltapark.com/item/details/9789278,"€ 1,000"
BORMLA ONE DOUBLE BEDROOM APARTMENT,https://maltapark.com/item/details/9789198,€ 850
MSIDA ALMOST BRAND NEW ONE BEDROOM MAISONETTE,https://maltapark.com/item/details/9789169,"€ 1,200"
BIRZEBBUGIA ONE DOUBLE BEDROOM STUDIO MAISONETTE,https://maltapark.com/item/details/9789151,€ 750
House for long let (garage included),https://maltapark.com/item/details/9789060,"€ 1,600"
Class 4B shop,https://maltapark.com/item/details/9789059,€ 900
MARSASKALA BRAND NEW !! OVER 200SQM THREE BEDROOM APARTMENT,https://maltapark.com/item/details/9789029,"€ 1,400"
BALZAN - LARGE 3 BEDROOM BUNGALOW FOR RENT,https://maltapark.com/item/details/9789017,"€ 2,000"
Marsaskala Apartment €950,https://maltapark.com/item/details/9788926,€ 950
Old town house,https://maltapark.com/item/details/9788919,€ 900
Maisonette,https://maltapark.com/item/details/9788917,€ 550
Sliema (Windsor str) garage (lock-up),https://maltapark.com/item/details/9788797,€ 140
One new car garage basement -4 level in Gharghur To-Let,https://maltapark.com/item/details/9788792,€ 85.00
Garage Space in St. Julians,https://maltapark.com/item/details/9788785,€ 110
"LARGE APARTMENT HAZ ZEBBUG, 3 BEDROOMS, 2 BATHROOMS, BIG YARD, FULLY ACed. 1550 monthly",https://maltapark.com/item/details/9788717,"€ 1,550"
"77989922 ONLY!! Iklin Maisonette €1,400",https://maltapark.com/item/details/9788670,"€ 1,400"
"77989922 ONLY!! Gharghur Apartment €1,200 PET FRIENDLY SUBLETTING ALLOWED VIDEO AVAILABLE",https://maltapark.com/item/details/9788666,"€ 1,200"
"Kalkara Apartment (Close to Smart City) €1,300 PET FRIENDLY COUNTRY VIEW",https://maltapark.com/item/details/9788645,"€ 1,300"
